,0,1,2,3,4,5,6,7,8,9
0,0.9999134542488921,0.9999132255154499,0.9998297510637268,0.9999681828422036,0.9984374441591966,0.9998481666280223,0.9995883818585085,0.9995412071130483,0.9997087633830526,7.8699722177948255
1,-0.9995986746467898,-0.9996939605613775,-0.9991380345774916,-0.9996671173194629,-0.9996867583093554,-0.9999729152485433,-0.9983939397413368,-0.9988459715367837,-0.9998891796055742,4.827979836838693
2,-0.6096716468785022,0.7697295912983178,-0.23971874867375365,-0.046099697802012396,-0.2984033500408826,-0.8711144456915468,0.8110287530580564,0.12695312601084874,-0.8063430848719685,-1.4040375074608145
3,0.07603057118438383,-0.5483766614059408,-0.5003195056176661,-0.382913401406455,0.4656556676846024,-0.2536389250060306,0.5020816844456975,0.11918957778676753,0.4270043175370133,-7.962408834252058
4,0.926715157316977,-0.6822935625910013,0.3003624215259384,-0.5359083410834717,-0.45716669288641565,-0.9588147052436812,0.732739498320099,-0.2097625922619183,-0.8177462822979787,0.7648066480506371
5,-0.7703879851060556,-0.44246614501314985,0.1562418924130149,-0.3665516310511583,-0.6343309573157558,0.014284905791710267,0.11473399887375013,0.6887789586185598,-0.5248434110471283,-6.273379505623005
6,0.5795776772776895,-0.7368534278457559,0.35786210548723285,0.9563911803368128,0.028842481958581745,0.3811818181046267,-0.14863386199477646,-0.6791735361805553,-0.8789861575154128,1.967603090221576
7,0.9315803294213945,0.42407709276248595,0.5554172163941109,-0.16996649970468358,0.5611931390260729,-0.4524790190990359,-0.8071868008744577,-0.9528911704703382,0.18753328911623646,4.994829809380692
8,-0.6759658693201097,-0.6270498067652983,0.5109218246259895,0.17974228258188152,0.2782847091520422,-0.5904076833901166,0.21431091023031779,-0.24601546935930452,0.42494958529146243,-4.696714406980096
9,0.9276598617298029,0.19075327511186257,0.40041915763432856,-0.9001389428828867,-0.9915905631650176,0.7595211319337172,0.448436668097989,0.7441836977345224,0.9077152021840724,1.4029513844800425
10,-0.2675551037105287,-0.6859182889403612,0.05623998765458249,0.742589454843317,-0.47202422043835857,-0.1670483130855296,0.8333036936571354,0.5757135774866919,0.8838008044420678,-7.531023843202877
11,-0.526200227196115,0.35755835638318834,0.21232842431204668,-0.8602235433637012,0.11514974077216689,0.16744972603484265,0.9705948538726508,-0.9156804985755601,0.7080087573515055,-1.1370578484770864
12,-0.30818246560054885,-0.06007051089558435,0.711127879906573,0.894526350348908,-0.6170367064750593,-0.06526407327090222,0.16284729627993144,0.5518965213163614,0.803504188397262,-1.7374932513918637
13,0.9554895748659202,0.229943595497891,-0.7169743474435746,-0.535629081783897,-0.4779252754702292,0.0066127454257658425,0.3674829578383174,0.9725274154990613,0.685959644677621,-2.787320348021554
14,0.6802415586954746,0.17694873803429867,-0.18201973329983778,0.922284238276015,-0.3077435798283915,0.32055355108314587,-0.9407308496800687,0.6341957959585294,-0.9907537506125346,4.68533319117863
15,-0.5879872284256638,-0.10647780895073944,-0.9180671233616722,-0.16784457256075724,-0.3805273167553156,0.1290361090831491,0.787028948480917,-0.7814617731588793,-0.13461437283748756,-6.096561618159272
16,-0.7426437817500736,-0.23183280138630147,0.07760371965937307,-0.8824023083421034,-0.5598658457326062,-0.9972043781579982,-0.2954740660267471,-0.45246275130720703,-0.9526288455051034,2.524996614824335
17,-0.09456941055892387,0.5846086555480405,-0.4462086383437437,0.10363060725211293,0.44535384749442897,0.18402695447422035,-0.80121152053624,-0.5145736045585377,0.9740868285485202,-1.7256711579084563
18,-0.5744609199563364,-0.895737804904715,-0.9143195428302857,-0.8298793578731768,0.0017219820106475492,-0.624282582490776,-0.3144356426717484,-0.7760901540318157,-0.7973300373284831,-1.9942869698687289
19,0.37225253760570953,-0.5077031479672919,-0.8866816940545544,-0.9460153231511658,-0.8538862775871852,-0.7204509330946849,-0.8910866850968246,0.7966784509839364,-0.4494446116938675,-0.44854124627824443
20,-0.9631747428465481,-0.5740681189540014,0.6512782265264678,0.6676576429485024,-0.3800814422470771,0.41895308964804756,-0.46247280314555106,0.49949152219162984,0.07542708391371211,-2.8327449423468005
21,0.0038280822796741276,0.6473089867463662,0.197584787793184,0.9131128188144602,0.5075625963407782,0.6913764454177862,0.44545593115066606,-0.39630333463610823,-0.5939902739539045,-1.7744664082779016
22,-0.1418081239382275,0.6589332494465066,-0.9114296422173163,-0.057228434192690525,0.5500695522413699,-0.1963852976707815,0.9521490143608651,0.4676459042522163,-0.26773499762706887,-3.0734483860327693
23,0.9006987503279171,-0.44349807539761466,0.18589131150286442,-0.2513867052727413,0.7723057070160537,-0.27982116598087126,-0.5798549876423482,-0.4677812559924853,0.5422379677128051,-2.6039965677270445
24,0.6573361097257078,-0.5376723752069906,-0.8075852033040104,0.217300292996627,-0.40481962664534077,-0.00992389554658235,0.47774719901636464,-0.721860832638004,0.797424291836051,-5.450208369976876
25,0.3168995430306265,-0.3230026517089295,0.07459462541429951,0.3931181643702051,0.8526041251961218,-0.32951984011903823,-0.34783050751536204,-0.03826858884642459,0.8240264476090833,1.2856567933508387
26,-0.36369266285450985,0.30484846112869834,0.3903653258332971,-0.8264535104320566,0.6555670391992594,0.8408318302679352,-0.2904907381909102,-0.8244850739268301,-0.020479563825307023,3.6597742318211357
27,-0.14858131750846515,-0.025493669610570313,-0.5934431300228634,-0.8445276868755749,-0.7531303915792416,0.17868846304598662,-0.5937541327073093,-0.8654148965445452,-0.7100867267954931,-0.9961121006270142
28,0.5372823406443581,0.46239195541657185,-0.8745077809537293,0.679598022176906,-0.37288263381407705,0.33469381718819213,0.4504840284313645,0.38830187314246856,-0.6005752316265558,-3.3684312243364825
29,-0.7939798729856077,0.05155747648108888,-0.8232018712974679,-0.5307681947047305,-0.9533250121796324,-0.5838766426249355,0.24889052550241098,-0.15478697793776786,-0.326228346856807,-1.925651349793968
30,0.013092827736860935,-0.6653034915001443,0.9980194745218627,-0.46594068345137574,0.8326060854482904,-0.23901175225360427,-0.33317151301407777,0.29608592349591545,0.9990985316324235,-3.0998090150587485
31,-0.7860598558377215,-0.846164751078698,0.9610278518922026,-0.40715967781773066,0.5848207706206188,-0.6392645037196514,0.4832578258311562,-0.13238557195516998,0.3331363122172717,-2.669792711633349
32,-0.555609941510912,0.2786569405765209,0.03040668846436012,-0.36752825886497476,0.862413026469623,0.6042505261247861,-0.05925054897372217,0.6340984638861313,-0.6605554981553368,-4.189704937042359
33,0.14201654241346273,-0.7105641429753565,0.9828910691633612,0.6024786289493254,-0.8102897901156707,-0.8067935190661656,-0.8488814774960102,0.48757876131227706,-0.3746396795527558,2.6831471186750715
34,0.9124410432126016,0.7154472578917099,-0.1501512154778506,-0.5478458418209491,0.6372976343069059,0.23635564233082307,-0.7035518215843231,0.5187399332027918,0.33012559392177,0.5445872040589728
35,0.793462367381192,0.32958945183142574,-0.8176705693164428,0.4900359112032493,-0.3923737569934549,0.11910412772784928,0.39940691686625107,0.5125177803334302,0.7073204607772574,-5.1272875030360785
36,-0.7560457864818914,-0.1377697437801787,0.6639533426416755,-0.9302032629379049,-0.8906417648704358,-0.5286139544626822,0.534843840728487,0.5268532053285715,0.803953934104193,-0.5119883250224948
37,-0.25173378694700865,0.7291797522893049,-0.5137675158245093,0.5192402217615879,0.5186563335431218,-0.0636678703654544,-0.2614210707843925,-0.11729873117117706,-0.2952339013184151,-0.08036750264907111
38,-0.8101638347264866,0.25168340797377886,0.3738592767207425,-0.45765609469162394,-0.1015903544602641,0.3974339911380411,-0.223279324762098,0.2814215138568128,-0.5357577709313746,-2.5799352761286443
39,-0.7482450043646043,-0.03179415274392816,0.13344860611665532,0.5565368112731401,-0.8673900406229782,0.7324415028468809,0.9851463491538568,0.9544133979146647,-0.30817570399861394,-0.48222271477076
40,-0.6533635908185744,0.10452900308871782,0.6639416772978302,0.26192760527038206,0.8984221180618213,-0.2799661928208306,0.9008218414854203,0.8171188624479211,0.406136530211344,-2.801460379417981
41,0.15432192105733034,-0.28862453792753795,-0.8628079135460037,0.6282407767356264,0.5176862765024128,0.024431536850974656,-0.29058484403785845,0.19771119168006202,-0.6670717177091026,-4.85168978301363
42,0.3019134490846187,-0.6058145249137419,-0.8359726416747545,0.2920314340305479,0.052265395384322844,0.8033747875693986,0.5153096630860632,0.36718709116629955,0.3077069614576349,-3.6462861342749666
43,0.5571528007040243,0.7171059685412104,-0.4416766147686566,0.821821748155704,-0.9636435307332045,-0.560532287558118,-0.7909426948123727,-0.6946642947039712,-0.18166504812575757,3.2660725561845143
44,-0.8765887753673036,-0.13828718341620994,0.8007692769513948,-0.1988814478135934,-0.7578123673024773,-0.2992277278935752,0.5287088344920312,0.34662575599631884,-0.3488602083311836,-5.3034781711216725
45,0.5863903959411225,0.8146183848142139,-0.052459343522195945,-0.7970780553879155,0.7947840843550538,-0.04332693170494317,0.34443703436948914,-0.40686219126763445,-0.3375284122989868,2.320578540691174
46,-0.693817588439537,-0.4221117663289061,0.7712381768340795,-0.407794486332389,-0.16390253860214987,-0.6998367867941275,0.6272097583729226,0.947119665638998,0.4026938441212402,-6.150414742137954
47,0.3718666532766819,0.134697198944304,0.4533034611788431,-0.5466040817003881,0.9573658049389366,0.6075248188188651,-0.9911648169948319,-0.9871487636656799,0.033475616268732855,5.506647331276307
48,-0.06305585417212523,-0.9794611148167991,-0.8471061445966828,-0.42456197944518514,0.051378298177854775,-0.7108175266478127,-0.32761753479369626,-0.1384817463524345,-0.06160078703136118,-4.429331201591817
49,0.5210758748863802,-0.9284814643366919,0.4977341635116228,0.09172281025514728,-0.7301782620768877,0.5930739965337841,0.34946881426807486,0.7725111791510819,-0.8702438859976492,0.4617372546314047
50,0.6115698798228144,-0.232859280859665,-0.41191341329871145,-0.01604885553132185,0.22495550652340834,0.516364056064931,0.7883088212931053,-0.998253529641084,-0.420266462992566,-0.5389373930327708
51,0.573160128370878,-0.018677529601952902,0.9105713262221249,0.04554231722479418,-0.8194726551738546,0.178481938065149,0.45245379549812603,-0.9001557067343717,0.7892423934051005,1.5086121927202842
52,0.09544414373214916,-0.732230498252171,-0.04394516814795546,0.7334039105482675,0.12831049733276711,0.3324565575856757,0.40963658066059483,0.008313660985047155,0.5417932482083254,-6.278553963467722
53,-0.9892012622194398,0.15105181161134085,0.6616613546833188,-0.9376500155956069,0.6657562104936987,0.4817579758265065,-0.25721915377805415,-0.8702066709449735,-0.6943628801274409,1.7596136037137347
54,-0.005758188088655802,0.4044744430746867,0.41283776129796834,0.07535732670925666,0.3655238872934983,-0.25028909077495587,0.929178618112811,0.6590336850200136,0.813450843408557,-2.8366791129930213
55,0.44215303721592814,0.8137561516854557,0.2973818460582136,-0.7775721706415732,-0.5424960369157485,-0.9884214058947063,0.37501067131448584,0.08210967951116976,0.41286685207115337,0.29171590420417604
56,-0.05993025552023912,-0.8849812796510464,-0.9419968122510225,-0.5279649361657239,0.6730912097750825,-0.32892846828403455,0.7221157232555522,-0.6793085418694439,0.43370706135280734,-6.5127103560855115
57,0.4781007080906603,0.4844427434280927,-0.9012804451264305,-0.21517005742140694,0.9531563699399386,0.42837420681904215,-0.9601837210221954,0.38755769484883085,0.6778787383101228,-0.9957467311027604
58,-0.27342610836578285,-0.16062067400572755,-0.6375575610689961,0.4688783313842184,0.9780527179988563,0.48827002837276234,0.357638682875592,-0.4746308512338804,-0.8592954102201982,-2.407897517726099
59,0.48305536841020147,-0.6822985664716184,-0.01838645290983254,-0.20134265814198216,-0.503351677687058,-0.010489518699317246,0.4753783167732837,-0.6491607463318834,-0.348504948239024,-7.3103424211527015
60,-0.8647488462434616,0.6979591346538323,-0.457050780264708,0.5819276426464757,0.16190775020336146,-0.01771408954248843,-0.5173582964003651,-0.9583809804739882,0.04244564114164784,-0.5621300522217976
61,0.697121923090763,0.8751902082118828,0.03406435042216116,-0.6082812977759098,0.6633589545628964,-0.687820575551936,0.6554600691587338,0.43964835427143334,-0.5314663496613554,-2.5871220334722898
62,0.4611591574845644,0.32783539932467054,-0.34499875656731993,-0.3598727021016529,-0.5172204698473168,-0.1491765569611394,0.3416916444366309,-0.18894202538317784,0.498735340217036,-3.0530102321785804
63,-0.7603063928677636,-0.5883301979787525,-0.907032625433925,0.7740345757466016,0.8626885167125748,0.1893053653269039,-0.43938428180232225,-0.438460104613404,0.4043649538001126,-6.128929772922805
64,0.36555996485551967,0.9655920758066732,-0.7000774275971717,-0.6764215096904258,-0.11723374379068574,0.9433726075830053,0.7583473691398845,-0.6531591635315378,0.9679975121090598,-0.017107654161452435
65,-0.03559065723307264,-0.9626144500791466,0.17953244174068184,0.5772036167717716,0.5101691415996852,0.8794813535512729,0.789798156334264,-0.5598472956447412,0.1964528524118987,-4.084967374761037
66,0.9961377926355546,-0.026060497399369997,-0.47683298192780976,-0.5750528538642139,-0.389678981044295,-0.34677561919501787,-0.5516534701644781,-0.9592456274536076,-0.5002932447464473,0.3025623711367534
67,0.2650726794366809,0.47545873834115726,-0.7934659526060445,0.9078176876610093,0.5293640418916012,0.9479512975699171,0.0021290430765756874,0.7121073538018377,0.018386016046616938,2.9538267130988416
68,-0.9073463506860868,-0.9874849002945113,-0.2095754113480065,-0.5682306281644722,-0.1750719091808446,0.6198297302737017,-0.8819653908913636,0.6939675603416209,-0.9306598675137453,-2.1449372866656207
69,-0.3489839403682047,0.8441114413018311,-0.8508378578416813,-0.16387406159632978,-0.5666409519503299,-0.3481906298714843,-0.7592844354179684,0.7469958525336622,0.08683561029907039,-0.6023292833329472
70,0.28504850041839624,0.2513474571856067,-0.2738365017518706,0.7656976164844065,0.7300629726479726,0.050223415682493666,-0.9791531449578629,-0.5999751611461563,0.36857609100198196,0.17649201418528648
71,-0.36929692117021273,0.21413114902342767,0.07500511829897683,-0.16149288162183284,-0.07185482389377196,-0.06610861040231342,-0.9611898233892777,0.20906677967659015,0.43462654505506193,-4.293306783651877
72,-0.3388036810290297,-0.967771235615656,0.2166385298097515,-0.27078525997068037,-0.2199760183456444,0.5977984013159863,0.2781093351218338,0.16621699046536587,-0.005215624989845513,-6.207369455620821
73,0.12610829665445822,0.23855990101768287,-0.2375159062193165,0.19869268438754584,-0.8026089956373185,-0.3205178457839839,0.1282521653181159,-0.6976033853250267,-0.5000859757650631,-3.861125860741363
74,0.44836652791600784,-0.9359800486336625,0.14393802555111623,-0.9919648529468292,0.10614336306726635,0.04946594340265076,-0.4322352079337063,-0.9849588982910352,0.1765108726646274,2.1748066699146547
75,0.03879863586463461,0.6563964797593904,-0.1748566938836934,-0.5387710314127667,-0.13462474904742816,0.04916656229323246,0.647436433493298,-0.17196343233182787,-0.33876111905970197,-4.697333897885142
76,-0.9505264864109981,0.33651073406952614,-0.981965038410506,0.6102686113438158,0.8952900113015703,0.40487984341387717,0.09008875364578417,0.19987010197952482,0.2516639048856677,-2.6680116801850966
77,0.27225786593036494,-0.9798009065126188,-0.5941823949731049,0.20651167099083856,0.0016427349327312601,-0.32724189015809335,0.634416157063598,0.719825179569167,-0.5505546995641291,-6.891850190137038
78,0.4818630812396645,-0.5693851746035475,-0.2585131756958632,-0.8329175258516325,0.801478210430205,0.551722087794537,-0.739025592634408,0.6916199767328131,0.6894876208594909,0.6528775079297438
79,0.5476710308606783,0.98534998515013,0.2519572892868429,0.42238893392350385,0.9081029152187932,-0.3400944248432477,-0.5692678319750314,0.24614294555206095,0.9049947687970266,4.624102437499076
80,-0.6499155799751933,0.8976885610791006,0.677731447875418,0.6302653294857752,0.16297321434468492,-0.9829327450159009,-0.7406302325163525,-0.23426553819068952,-0.5845173626733455,2.5506571394200197
81,0.41200106219850396,0.7032990460301178,-0.46939267541453455,0.29620509313657406,-0.11468424201571892,0.45404606719138285,-0.36355548217373823,-0.8593976088594031,0.12537197996176874,-1.3310156032967848
82,0.7332087036151826,-0.8519848340015738,-0.6735098921421367,-0.3630488411153976,0.6683210512195163,0.6985840420144811,-0.5167313627169714,0.22834001847647412,-0.31818548516809264,-2.6387357147400765
83,0.7543205135751867,-0.5467338913685661,-0.3766514681701816,-0.04709745931744269,0.5667744064786415,-0.7853364045019344,-0.09063792291259698,-0.27321941988217724,0.10286849772353057,2.4670516814623578
84,0.08815915901439375,0.7838477972587392,0.9187261910926761,0.2671830414611873,0.974919636278728,-0.9109354749679779,-0.8367086760975707,-0.14756018308566243,-0.1756957701394385,6.902914778283716
85,-0.9584162487717547,0.3009612977905043,-0.1022373335208201,0.011611303847289811,-0.9529700104973216,0.6304366281588307,-0.4218200558035061,-0.7391446403605189,-0.15376512477421167,0.9596172751600722
86,0.05088471963561414,-0.8686576505983956,0.5714149112122908,-0.541697803022741,-0.5765269689431864,0.5254964540256408,-0.30435360348945506,-0.3635288984067172,0.10120815107542458,-0.31282411036728625
87,0.8901373627066875,0.7687120428185579,0.9158543461718067,-0.77998783281511,-0.6436417712910316,-0.4776888857659515,0.4033062424594329,-0.8651251674692674,0.8424477279803981,2.7612232532736187
88,0.20403982715112567,-0.8696232996499792,0.6889762273426419,-0.005470209298196638,-0.5701176062900262,-0.698570467075591,-0.8915033903059935,-0.8491169591037189,0.9244374489602298,0.7327530257727017
89,0.7058781402445276,0.5596678435008728,0.26413878623872433,0.43065968770574026,-0.7925952761999423,0.7666502318038655,-0.6130569268328869,-0.5383921491877663,0.2630591547737857,2.6795415492547967
90,-0.6252116126874498,-0.8657287295577755,-0.24174482163760458,-0.5355435723355513,-0.7734029788049925,-0.8691036963869092,-0.05913659558556916,0.8550901592259248,-0.6487926483754896,-2.807936410533602
91,-0.19753554546240892,0.48133008929954135,-0.363059594736616,0.5972714370575642,-0.7041543274108502,0.8715946705645166,0.0607791446141992,-0.07455322894761074,-0.6234981046110308,0.7814533680792106
92,0.9940820261195851,0.20488598241351808,0.5334734177593485,-0.5977290750737265,0.11383390937846705,-0.008091604811103714,-0.41636491900546324,-0.972189126109185,-0.9777612661640064,3.775659527330333
93,-0.8120733209571427,0.12175027231501034,0.17491567832591426,-0.74506249458131,-0.7147394583279043,-0.13898682909873328,0.5446175240111084,-0.3634589587636007,-0.5683421062964795,-3.834892685860228
94,-0.1411850366730042,-0.7074552276499502,-0.35211446108657696,-0.5318092135091346,0.9600517687299279,-0.30413715067717384,0.8166480071495847,0.6164230359593212,-0.7754322600746691,-2.3787801028514206
95,-0.9992787399250721,-0.9647158631028281,0.5678358800447225,-0.3133346549161845,0.9234427650844426,0.8430862733992635,0.5521299245810358,0.30907309862384014,-0.31634082535379004,-5.40293626337634
96,0.9359245234296967,0.6115896594081529,0.7128962360260671,0.5660972115191858,0.7404328784381076,-0.16288682967879342,-0.14124884510879443,-0.8083115488051759,0.46704910502905506,1.7168730224608417
97,-0.25828328787328536,0.9653142005521791,0.038959521224406046,-0.15338755374149537,0.6888417788544487,0.7177560727462899,-0.27917948210925336,0.04978616850082895,-0.47835724297308235,0.5372800102418076
98,0.21491874577752124,-0.49339548614483797,0.16387744793977888,-0.02060815928534787,-0.9612000640381729,-0.5260300643125566,-0.4585623305488802,-0.3608680904545264,0.1654774348171768,0.28548549480282537
99,0.8331759944188986,-0.3033406511407192,0.8190883637605721,-0.4224900375010061,0.6376015802229671,-0.26510377036564003,-0.7725903177952975,-0.5279649676177658,0.7834344481882021,0.3859359707356174
100,0.4607345601263466,-0.2912047647291369,0.8985024207218313,-0.755821776212265,-0.17745353465034297,-0.5613391646827042,0.23961597231036835,-0.493525842431933,0.35151862061531447,-1.788685672075685
101,-0.8189905899967632,0.9657193825846939,-0.3113122956149007,-0.3490315913507085,0.5041032808253014,0.19944951726273374,0.6306317432649806,0.48709600057080205,-0.5750172820340463,-5.69660996024696
102,-0.8826552047489739,-0.5121599920516562,-0.5058803145048223,-0.812255155921869,-0.08512955226053875,0.3397406697485996,0.30645484016741253,-0.7010712130798393,0.1876693008791308,-6.202278952179278
103,-0.5083131545023303,-0.5818350595249828,0.29694101774827586,0.17959428701114288,-0.7024685829079521,0.2927588013620426,-0.4354519229728485,-0.35144731624697745,0.10150909799544228,-3.057409708183476
104,-0.5692913011108125,-0.6272561980881401,0.05362569735708966,-0.6603896629173595,-0.9839885864632607,-0.05326170015158538,-0.6750021784482354,-0.4158617262395544,0.26879879431084674,-3.856952201338152
105,-0.9489488252067306,-0.15325201889625817,0.06848285616240335,-0.22134725135495104,-0.4083324696814147,0.40634376320861976,0.1275919824963101,-0.8925386654232034,-0.9021218560805196,-1.1267433181669646
106,0.13968817292316071,0.8802751165255787,0.19221585615922665,0.6459497815184438,-0.34873748467906585,0.4289448820964108,0.6901040540082373,0.697517508124802,0.7003215249479886,-5.701640375388686
107,0.9083258472108877,-0.28987936603388365,0.3710407557595907,-0.1540724747742006,0.3697000566824793,-0.304418217566952,-0.21283337853395656,-0.28215112674754683,-0.9812963310706856,0.42432736559652984
108,0.6760560388235843,-0.7003966722991356,0.3618505222889208,0.6706253092521066,0.36546460461078545,0.09203906162112885,0.49186828009777983,-0.9941548384100767,-0.9251396311872717,2.2796862061577086
109,0.8410356745398639,-0.09825745273502606,-0.6887480719407999,0.20463038824401036,-0.18226334942016353,-0.5826314300569524,-0.6729460967511447,-0.09125700064495856,0.506058719937873,2.075914030740596
110,0.7057787305811531,0.1621818255741967,-0.3887870914986069,-0.30561471831050846,0.47214058024817773,-0.1235226403963422,0.6628254604467401,0.3971323326641436,-0.2589998835685696,-3.036715556053517
111,0.20360835156305868,0.7500605332195631,-0.9106955194986842,0.3040468817074369,-0.8302824625548069,-0.7376033921506389,-0.011023188183395871,-0.7670753374780261,-0.8728929329034054,2.021568263410623
112,-0.3212695041463316,-0.8906637668407219,0.46699283476099107,-0.5597790696004581,-0.005597803078461805,0.7454770292285262,0.211277067031457,0.16913551955946216,0.42090147267338174,-3.223503514855863
113,-0.30975536680384363,-0.18467507770919678,0.8486522826375817,0.6384608041928825,-0.21621599247830137,-0.9068018222518873,0.8539432746390216,-0.591211313879614,-0.5814160976066951,-2.2029840913068566
114,0.2720281169709724,0.5517909881766634,-0.20032563469471232,0.11388484723357872,-0.8625735652975876,-0.49883724562861,-0.917917508717964,0.1266561080818709,0.9838346978094046,-0.2893585192189585
115,0.3605985852839597,-0.28500748485559224,-0.14579562570464477,0.9679601636421362,0.7636032873210314,0.7701142150411933,-0.04805351770807842,0.347294905697485,0.30809383275349456,-1.3042681796132913
116,-0.5178092935217044,-0.5087283616446716,-0.12753724254983878,0.41648458169951996,0.4993166444932142,-0.5376370129601259,-0.5197789568427555,0.9157147783753168,0.7384872632311297,-7.159389367327637
117,-0.30260374556075476,0.4453796740424172,0.7678533336311586,-0.9679910539048219,-0.4043971238782039,-0.599982494766987,-0.5675943199170677,-0.47976782395163,0.9778908488001108,1.9517034136038727
118,-0.5978175922063138,-0.5495140975067907,0.7103803403424269,0.7197281147591685,0.34940088854882667,0.20333274068267104,-0.7840954817304194,0.8273172690293666,0.7836658607356803,-0.8047654049022119
119,-0.16673925313700122,-0.19341810344747767,-0.8611825550114987,-0.4829298028443104,-0.744354496552478,-0.6108143457397956,0.4827438754173885,-0.7899324083460242,-0.29750759087332224,-1.9147725637569253
120,0.2655884556524559,-0.17672384927650753,0.4848311133633163,0.9017139169055697,-0.12180321252998849,0.13968253411708753,0.49325368998830843,-0.914942840825034,0.26041746491834794,-0.8262250694971305
121,-0.01937113716693062,0.15376742277059563,-0.336594751616353,0.7331972017801682,0.21878590457033664,0.480859305959749,0.5061964586686729,0.8918751556746072,0.7941177614092336,-5.130759936046345
122,-0.9787523393797649,0.29938882341974726,-0.9095244978870862,-0.027780507139956057,0.031960835675683974,0.3964413913913185,-0.2979816298817354,-0.9695059317597192,-0.5986362740701376,-0.8458106074898377
123,0.6028325810425206,0.49101450343167374,0.5710142845781809,-0.6895391886131318,0.629088791895958,0.9711870631634043,0.9980526381957169,-0.05877607323478584,-0.008422214670969597,8.167496086010068
124,0.4785276447365885,-0.09950017804608113,-0.7505689537742418,0.21462775653998767,0.6451902077432596,-0.9122685836766669,-0.3679434385665449,-0.7559183740143838,-0.6154646114371639,-2.0106368055404724
125,-0.8698655295784662,-0.4347035945454363,-0.2743198850057845,0.547576376103895,0.8759492668285926,-0.7838853972780371,0.05534298075283606,0.02614893679701802,0.53839265521389,-1.7699329491632656
126,-0.135745358684205,0.35661764514826944,0.6717867184431059,0.2624383841574667,-0.6537308990324278,0.6789101069926722,0.07660898758320789,-0.8014194417431616,-0.7410253838530658,-0.19956504488886084
127,-0.2752525412116652,0.4649411359011357,-0.8211038810059648,0.2630056357757764,0.799637430280129,-0.644606245317338,-0.8925142864300528,-0.0076946925084262485,0.0704830507518226,2.6514461532976403
128,-0.16505603371661126,-0.32415041659811494,0.752349215839955,0.7039155992088346,0.3225342021312101,-0.4354379297377651,-0.8988029128120799,0.696366397983071,-0.9327841896583844,2.3678765537810254
129,-0.4946554595964735,0.02627396752047173,0.5753993349633548,0.5391121967882011,-0.7787114541487925,0.7278488891164565,-0.7188279805825427,0.3746542405882296,0.6549403134108838,-0.8666370523760196
130,0.418032350422898,-0.8105790170083667,-0.4007678956721016,-0.83059212355771,0.14095372807766782,-0.709606539116447,-0.5582788038264499,0.6201506404456028,-0.3729773276553029,-2.638370463509897
131,0.14549400003600854,0.3012958891683688,0.4573453248457755,0.9695819609369221,-0.7649182831446105,-0.2005203236249845,-0.5526787635477091,0.2619527998705349,-0.9288619372633201,2.5089563358906335
132,0.9707501730078167,0.5649262450601422,-0.6946790016029645,0.4848931960098817,0.8577861855475193,-0.6958689208313451,-0.10044791490369709,0.507086228041759,-0.888544398622334,3.7797391945081826
133,-0.34192859649953433,-0.10477654930534241,0.3267075822415644,-0.46785014687647075,-0.8411179215843289,-0.9548355345265455,-0.19177479370909545,-0.3965788234761143,0.23823228957738607,2.2727145727394578
134,0.8938177234667999,-0.8767492625057328,-0.5421355868096642,0.453931086687424,0.5419861498598573,-0.6697269777049022,-0.8595239416120912,-0.4139116545043988,-0.27693797810520027,0.6961343917590536
135,-0.2785813475058645,-0.9642258720058833,0.28180656231623025,0.8302655191968327,0.1246886273995258,-0.4580927734324409,0.5673089699559577,0.2271227878874169,0.28755611054847985,-2.757657902043233
136,0.36513372627830165,0.2024291905432909,-0.6630428466342172,-0.99490794692557,0.16611854057590247,0.4841868473505464,0.29930369758431286,-0.5038812142193981,-0.3084626799418171,-1.4483135767490825
137,-0.5290461931753164,-0.7635448227809618,-0.7729223004808629,-0.5268574811575059,-0.7421997604792808,0.1918557441256037,-0.6468461191412181,0.005295898727711412,-0.54515767343745,-4.1046916872931485
138,-0.1448894166068897,0.8276338676291115,0.5837030655405377,-0.8661140838028147,-0.16889391963122402,0.05621376537174316,0.20145824330133033,0.7983482737528573,-0.496493721877981,0.19577023536279659
139,0.46306006456828297,-0.7107917648482283,0.2978729785932406,0.9926612670369301,0.0046912349564758316,-0.043943384536592744,0.28911371645123896,-0.8233161498623248,0.6859062672365912,-0.3948069384638009
140,-0.8204894919569607,-0.06861454524565225,-0.7097883495509824,-0.7785536801071473,0.627165181351518,0.7345805092323894,-0.29514579300780797,-0.8458164601366046,-0.4458557108886465,-0.7337699173024366
141,0.1806420370964632,-0.49490516267324824,-0.28503396887892685,0.09478302370142488,-0.5740341834229294,0.8286311130502311,-0.7938100062741897,0.29609434418454805,0.005200000885782208,-1.255804906820336
142,-0.25572512814529813,0.8702170576831414,-0.1204753736642592,0.9534778129842805,-0.5956446230351244,-0.380580263181866,-0.7654282675213766,-0.5957139645546479,0.03421203544921081,0.9739252545747117
143,-0.4598592036765182,-0.7665932100047897,-0.8429214510431637,-0.27698995090298373,0.8014803374701187,-0.7761255903287193,0.09176115497761628,0.12326434087980376,-0.15379517092123918,-0.6420395496917781
144,-0.5046557235275672,0.972232466169354,0.15899438941229516,-0.21541707702918433,0.9549124638820177,-0.765805523482507,0.2589554691825664,0.4847310333272228,-0.43708609171538526,1.4615188665968715
145,-0.05182504419589762,0.11078043146819039,0.633190335388581,0.1604324257083123,-0.1375877305508133,-0.8245345627620914,0.30233080077081986,0.5379362280246685,0.15740979382001674,-2.592109626849607
146,-0.11147274914989014,0.7328944562868078,-0.3610174743034309,-0.5619237391146897,0.6521969774413929,-0.9032645657506013,0.11424163482397875,-0.6958183544156873,0.5300811738984843,0.5365328315526539
147,-0.5917805214379172,0.3141155885195752,0.7800843911873301,0.22606219408806405,0.31800256447299,-0.6202586065196994,-0.7143179578297099,-0.14800700869401573,0.6860375021004228,0.18693648063050117
148,0.7750669834465909,0.07027336206868928,-0.7413353553199682,0.005864381953412545,-0.7559577034790484,0.709606201156203,-0.30339238643920285,0.32701436730932576,0.5370634859210814,-1.022806536404226
149,-0.4718740037884698,0.7668879348725746,0.6523892798492641,-0.917370434404968,0.21408423066687976,-0.5381199261639251,0.3708388932180151,-0.3943532557671353,-0.25209736216957024,-0.3365627579811131
150,0.9387162010546808,-0.8116946580596068,-0.6296806451929995,-0.2820298185522081,0.4790511214876272,-0.9927233994139981,0.941950611080852,0.014767777764260748,-0.8103918639973455,4.272261700708804
151,0.9163957426228415,0.6155704522446184,-0.8815359951832105,-0.5121181803671133,0.09610498484519181,-0.39844828558036083,-0.2480092832856131,-0.15146438496606063,0.209178451489056,3.0379234421377386
152,0.2251791673420238,0.8234506803077541,0.7701970416445141,-0.09132177546964271,-0.764725897341202,-0.8626530955899586,-0.15676690108029223,-0.9051415180740238,0.5865755845198155,3.642453063478356
153,0.5067906131204984,-0.08758900838899208,-0.2450745855680938,-0.14450376071704818,-0.038170229283475576,-0.9260807080801432,0.3576211920628438,-0.573855783414056,-0.4495707038128517,-4.581845958676075
154,0.03946264368802943,0.8236699191258161,-0.13328193605099858,0.07051621505969585,0.6951613735222,-0.03860862290871003,-0.759648686082419,0.4837990020321512,-0.5952305398389099,-2.550122993292121
155,0.10028090521525024,0.49416215877955727,0.5127762678276502,0.9651028569786595,0.8140002244294031,-0.3491509543179402,0.8102696379698295,-0.28304666934322087,0.4994232511233847,-0.1794174387590064
156,-0.6450539048929901,-0.4968722535700062,0.23757225568856755,-0.9354449669241143,0.5066681260817891,0.07600126943295216,0.41312164081561376,-0.14740834977951145,0.9092613754864656,-3.530498672428027
157,0.5675118468881426,0.8451959393071591,0.7853944209488959,-0.6609061792760103,-0.7545108065037002,0.8206987695629664,0.35682202024022813,0.36376654335513114,0.6743937900550647,0.5485347086347547
158,-0.25278900015696903,0.8659782404844141,0.8774129185362325,0.41845471711006543,-0.7495731139265146,0.22232098637326958,0.13625018922450938,0.4816496879087737,0.051519912369158316,-1.9807673038516207
159,0.6815878408237801,0.3477634881914944,0.17572098769936395,-0.5473568381249199,0.8890297331743977,0.14326402515245973,0.19645108738852812,-0.7497818394056603,-0.6629105203278632,1.8886410003304448
160,0.20030627480274088,0.10352422439743147,-0.34028942694392195,-0.9007714720748125,-0.7969244704127744,-0.10077113234626389,0.9491326505283126,-0.6231058753100305,0.03152945928406803,2.8823118328176234
161,0.7464496889128871,0.009104932325299409,-0.6720069491696842,0.5658441020823424,-0.22656944368179732,0.7546297710228231,0.12617615447798136,-0.09435384104540057,-0.14567231327906804,3.960709262302662
162,0.694351653963186,0.20916554291470812,0.8584383214177047,0.7220760324462514,0.07946737899062128,-0.6585839103044051,0.735301311736615,-0.6199843003330163,0.5596902229018346,0.1291258670650196
163,0.27005083072266856,0.5281828202272794,0.986361479112041,0.8475737759641706,-0.061406126122612203,-0.397762767013511,-0.7594334488543772,0.6333040305370408,-0.3420793610985955,2.2518258784607044
164,-0.775431774799061,-0.3506999684510359,-0.956894210643796,-0.6937858775778663,0.004659609969454914,0.06316370879288691,-0.13698505399317407,0.5991983376823515,-0.926172827661223,-5.450338833905445
165,-0.8720776645853405,0.9429550803274238,-0.06630376825198503,-0.2912913310031072,0.04392749345045743,-0.009278359510467515,0.1553166051829331,0.9036274772435209,0.5701856879892224,-5.448849883290696
166,0.7221054481334654,-0.8363671026353187,-0.563810052251305,0.24281666653331468,-0.8950841180112235,0.2532807524441223,-0.2739982307990272,-0.38665324555613756,-0.36107754753212407,-1.2432922876329429
167,0.5877076650976345,-0.5926750645055434,-0.8644656468360039,0.5769774307451327,0.25005179148376167,-0.681899845240155,-0.015367844841094325,-0.8015147578829795,0.19534554214561672,0.6708124441329766
168,0.9990000559905166,-0.04523958808105688,0.7381336395651064,-0.05882375899025316,-0.041697846353690116,0.9097450851609574,0.7249239819144224,-0.2414033483207858,-0.695635664574169,1.333242308681587
169,-0.6343939544997336,-0.11834729442510583,0.12470466286316073,0.2045734502058183,0.2840524470802004,0.4413540298462293,-0.8681876743242043,0.4168529988134846,-0.27752627622548576,-0.274768658958334
170,-0.2646799328897512,-0.5574242537656504,-0.757302958929031,0.6451607906356447,-0.06940454705685972,0.21770321712847984,0.9750702751041092,-0.07907738829752209,0.7806755021230356,-2.0908316606148665
171,-0.39774047293389725,-0.8500467546577606,-0.13184591193757245,-0.43490697154938984,-0.0030518887146216978,0.4185878018531426,-0.6278306657369341,-0.920746672500373,0.17899038062955253,-3.4107247229796442
172,-0.838228780159496,-0.20908930891170407,-0.8214858672895253,0.5226265910564143,0.24744904869239104,0.21118345671039696,0.9528160218437687,0.5667847579695087,0.9645689816887977,-5.14767150293913
173,0.7673126889165605,0.47047699830401934,0.8020143622969198,-0.6786498799664394,0.048692438301060736,0.9000050371921138,0.10051650182505045,0.913268707977976,-0.014412236186431726,4.949449413780155
174,-0.8236182616052775,-0.20958279390957713,0.8205564685706108,-0.740403551870433,-0.5274127117122471,0.41000131710172893,-0.8351546224356641,-0.40857931413074955,0.5036870211263926,-3.2973758684221783
175,0.305827749110517,0.8859588498633353,-0.07531737892240487,-0.3254532763151273,0.0700858657010317,-0.5733662518476934,-0.22517314183562187,0.7228964605161043,-0.6828534011104805,-2.1195700569458484
176,0.29871755702034264,0.5158664157414152,0.6342120265996702,-0.8246966342320934,-0.225187068669508,-0.24874909751284824,-0.9868605108411967,-0.5775165478729359,0.8875066238334413,1.9622688945608164
177,0.16519214445053998,-0.25902913267116334,-0.5233564454707453,0.3929319353984375,0.9394069146459083,0.36837350458761753,-0.6357420467287158,-0.2817554846503614,0.8123411071389479,-0.7823894189314371
178,0.9671585978648372,-0.0008727597995903391,0.9292838488482402,0.8130897273710145,0.32174852962365597,-0.5144320344080586,-0.8899909684969367,0.725025027658939,-0.17290063701511926,1.5395792123490097
179,0.541327293186022,-0.6949794021290983,0.24528911222614336,0.5650726093631064,0.381875380025698,0.7783778176176959,-0.8712899788454976,0.694472325003378,-0.4854755410657673,0.04793758105159551
180,0.774618280041282,0.23932559500278283,-0.7696268496858603,0.8071111848187342,-0.5231220772092728,-0.3047343527940274,-0.8166778707912438,-0.02551800128365944,0.2011264138380653,2.191943862756772
181,0.27250737543535797,-0.4503692049716129,-0.6611090151110475,0.2217953157905972,-0.6898600700082121,-0.5237056033728011,0.8767502338938604,-0.964619941749533,0.8528322099592012,-0.9371038851914713
182,0.5878622034474723,0.5488782240350278,-0.913369742114567,-0.029642440624801814,-0.7846053284841448,0.639035412980677,-0.7934208808156763,0.805301819744576,0.07751441779614865,0.44057388430129263
183,0.6285165259229046,-0.9049994159857925,0.5871006104480039,0.5525920087597693,-0.7137141652790417,0.9566515392865693,0.5629788964816127,-0.5171185023381333,-0.62065876953011,0.21976810305380146
184,0.16515447962888974,-0.11257952179539255,-0.42863766599020114,-0.024726458892889158,0.5603969403509004,0.6369236277625028,-0.5292607885879939,-0.7063461963093212,-0.31707356252984964,-0.9565609071014527
185,0.46120185301644234,-0.5000129911021393,-0.4216970568394369,-0.8050039034184081,0.02868127253936592,0.18513115067849495,0.32059888050433405,0.42464229182640834,0.6743155915935877,-3.9055125522092533
186,-0.6391257915031634,0.6688395215211309,0.12704765305627186,0.07600591771900134,-0.978275429362978,0.11620438579441328,0.29845128059198944,0.21493416711674818,-0.7361504156853453,-4.159581315986458
187,0.9452533561867613,-0.6771265439537415,-0.16835862383439237,-0.9140286159437728,-0.7995252896886318,0.6989297697237773,-0.06394764030547606,0.7163813785523703,-0.7726859732027813,3.733990601825556
188,-0.6761213063609961,-0.8026382462470427,0.19369253543098952,0.9747522988375397,0.46797048119341045,-0.5470014649634405,0.9370169889133313,-0.2918931680198005,0.39350645864280676,-4.2019278851412
189,-0.14528894303627282,-0.05880177770170614,0.6118799660690704,0.9505274289657786,0.6436062876767759,0.8759424176102419,0.05796121132784404,-0.2918539460369435,0.2448581031508883,1.9264736753679452
190,-0.554698236786733,-0.7542193635938795,-0.603294454551033,0.18653814651114375,-0.07879230921932678,0.1262019274909798,-0.4999448106822031,0.889708078978469,-0.972760442288239,-4.536882509112552
191,0.028184926279910316,-0.1711961494950921,-0.7269576585518357,-0.662209111666513,-0.45488869582856006,0.24014382670459677,-0.273786981737411,-0.6690784247874615,-0.9014145011110029,-0.20432272027004583
192,0.9926447847221589,-0.8637559744520743,-0.8424858840343664,-0.2790642202245124,-0.8276615110883225,-0.8726410426853459,-0.8558030088162567,0.14103744370100646,-0.06699949884261336,2.475346574725174
193,0.15751634203853482,0.7490288543674166,-0.9368354899950999,0.005337382670045132,0.23265397440231084,-0.21978453523242603,-0.8170290640420128,-0.44313207957495027,-0.017371945840503722,-2.9778368124065757
194,-0.8395083792571255,-0.9564738365318698,-0.8263241289904218,0.9767409838095953,-0.7961269633003669,-0.5938430707630283,0.02014017719790573,-0.2268645424412622,0.6266130740199214,-4.186992408218665
195,0.2351974730231936,0.3230642361724023,-0.14715172562002898,0.1775360951504794,0.3215597088304354,0.6910126010613982,-0.7134371312133521,0.5758480926911078,-0.0014841763491700855,-1.0881186272559067
196,-0.7264697916282642,0.7782097960406313,-0.7099542039506952,0.8509160331847931,-0.6502937386802203,-0.9247501386822726,-0.20205071890722015,0.9857907178817156,0.18702592228824888,2.78156862614454
197,0.4247707147275057,0.8122128293294886,0.5363333452732733,-0.1362417534712853,-0.17784400178925075,-0.3157351653288336,0.10872597281670693,-0.8290499383409357,-0.5494787549809432,2.3471176079615863
198,-0.20832928197589828,0.5190750869276886,0.1762073764849581,-0.42714691540919436,0.4060600037972688,-0.6267660519527383,-0.016696641911675303,-0.9949580830828096,0.13736387131393135,2.098179146481319
199,0.31369814678312236,-0.5396464858848088,-0.5245342859922406,-0.14248382385753033,-0.9800015237897661,-0.4198069183350668,-0.04462797919440464,0.016663438173951883,-0.6277278234287837,-1.06956310630787
200,-0.9471297277709222,-0.5307126871778012,0.3500213434585844,-0.21207511894470554,0.9904257073925802,-0.33134776238316943,0.25577715080506014,-0.6744971002709415,-0.12861275373079917,-2.2200681549677888
201,-0.16849619979934383,0.17569665368870968,0.400961583739877,-0.3318870123435871,0.45614380576739144,-0.9275344520624595,-0.7254620179230844,0.33939926525310216,0.532245539009039,-2.474774291285485
202,0.5454903168389771,0.6292939478908655,-0.5505828838355916,0.4161229043167727,-0.702748472041971,0.4388066818957377,0.5377799949419668,-0.3222667887340782,-0.176548977522906,-0.3363991602156416
203,-0.35184919086101063,0.041753266016706814,0.31007754765761497,0.5576049173534168,-0.05619630688200361,-0.20099483003380492,0.263000889399827,-0.3790105199427387,-0.9080303509358014,-0.47954267515998517
204,-0.9110382137619291,0.28264086979997716,-0.9422882403843726,-0.956708344875317,-0.10305581436775679,-0.48331582700278475,-0.7034310131890147,-0.09306204278090158,0.9793369774302019,-2.5535493933682147
205,0.7196668415946506,-0.650808968984571,0.22424544725765805,-0.5014382196124905,-0.23048152945522393,-0.48766387849984494,-0.3457350823359555,0.3016655205890231,0.08777146056477281,-1.6037852963961698
206,-0.6477235533907333,0.9358763142009241,-0.7259939807346443,0.8000521592647654,-0.9236751239595321,0.49777708258163433,0.01130416536424339,-0.5563146881776972,0.21614714102518962,1.7612523323434235
207,0.7802095970268326,-0.8056313343859967,-0.1270148744401951,-0.11371117506268025,0.5920366310648231,-0.8615652665553184,-0.7160203530765101,0.3290329610489484,-0.22554060952177413,-3.234402138821528
208,0.42538946851613524,0.5866375701712823,0.13808737307548946,0.5005275695033149,0.1113846318624796,0.8925019910305088,0.13203396144140456,0.6269853667830219,0.39227906903858956,-2.8246107558603706
209,-0.5670941484947878,0.48576562421107794,0.4695019949292174,0.9256305272490524,-0.9204123225156432,0.5062235753030981,-0.3447249681211073,-0.18605534124183742,0.460957361536412,-1.0046997189297515
210,-0.3357085592069339,-0.8326269660903397,0.7667902794671153,-0.5759058923419735,0.22079591675011412,0.2938599636798953,-0.12784297376262732,-0.7232547441316999,-0.8671017306772582,0.05818357195424953
211,0.8441507483077639,-0.861341542241157,0.4304080623656821,-0.4521481252752223,-0.7225612702790034,0.5543737472534942,-0.8891946110089562,-0.6520889768486218,-0.26402232786030844,-0.8371499281102595
212,0.9197734211573381,-0.6231582606420734,-0.9712386953701109,0.9772733482330027,-0.9430145777302635,0.8583855096871644,0.15191517148676992,0.29700991831249524,0.1423428393632642,0.029732581127244306
213,0.1502160199745468,-0.7430985498410251,0.16885074236588782,-0.6986627836730783,0.01670477774197221,0.2139556078415128,0.44323359639979665,0.3626949598715017,0.02174022069314896,-4.3473152783044
214,-0.4648703804411525,0.3588809111439508,0.8999607511507297,-0.19909604815909487,0.6370936987994529,0.37309626737021473,0.31249626027198674,-0.3309559608756616,0.6298496235312674,-3.2643978833167173
215,-0.5449224980532172,0.23208558739786733,0.8108529132627083,0.545644262396255,0.9159706977639615,-0.4028673765842138,0.16611246190807893,-0.2909014650351732,-0.8039939672302299,0.48889309966935035
216,-0.9510512861600361,0.3384116501825267,-0.760180329434143,0.1284419392434255,-0.4565143335284654,0.0038510508970841517,0.18388308487258986,0.33153321860889107,0.38995013463505446,-6.486507316722187
217,0.007861452469134722,0.8781279526962102,0.021549703109346785,0.7378627726288647,0.7803924927327901,-0.4578851511038907,-0.060638398682248074,-0.14078120188320353,-0.5322771761531551,3.848430863420991
218,0.08665800825245284,-0.42832721045017286,-0.7225077349129776,-0.3135274400653797,0.11203940752799668,-0.31400088779155366,0.8603345013568491,0.6097702087507537,-0.4188863632615919,-2.602297933312192
219,0.30634946136109353,-0.4168052713742344,0.40599919432385034,0.8510714127203749,0.3211936453226969,0.10562937111046011,-0.7459564107953522,-0.5649341049235979,-0.6140071982367337,1.6665748633476216
220,-0.32509086208047155,-0.10341045505647328,0.576899799835844,-0.5408167581119669,-0.8418486908545912,-0.07760088362073259,-0.6008601192407037,-0.17996852855188228,0.5284787082842215,-1.4303623816644282
221,-0.14665172307354057,-0.7585236752702242,-0.11784023858858028,-0.9386827166884898,-0.8437632992054401,-0.6588308548982179,-0.4883115480804062,-0.9447418182429851,0.5721060144252463,-3.3698410181539256
222,-0.3569749079197012,0.6098081688998822,-0.6314231030931006,-0.6695986450760725,-0.5412295805867983,0.7369971991747215,-0.2336136561015124,-0.5208333291244858,-0.11435355970126548,-1.1630920560000615
223,-0.649475218862542,-0.1375577053915007,-0.15621311159082185,0.7338577893019789,-0.07555616994040781,-0.952422210770922,0.9311266039981665,-0.8012755945381002,-0.8056993843175826,0.2112392163458543
224,-0.22479156760596386,-0.9827926932136493,0.8797561813756973,0.12978198655700712,0.6003390462991622,-0.10990553260602987,0.6194833626883782,-0.28256787603125133,0.7685070180407232,-3.169039770254982
225,0.564393938275688,-0.8696410538616854,0.21873871215092877,-0.1503452360757629,-0.8897044721918997,0.1457281054531374,-0.7822515552201056,-0.6977997706793186,-0.594287821662526,-2.919663472762312
226,-0.06921270765311971,-0.3038785434669041,-0.6321962405825778,0.040834936419444245,-0.04298424419555391,-0.4752079049643926,0.4448586604214424,0.6722361167851216,-0.5105455105986139,-2.9213937120405538
227,-0.9117075444741893,-0.23650550133053694,-0.8055861307448502,-0.38225350444308104,-0.36378094657116977,0.477705944666303,-0.5477620508162857,0.5852681933281534,-0.020300419761314914,-5.554303875789525
228,0.597354927131126,0.5425672828035986,-0.9791700759118981,-0.4273074520441813,0.8997552829819488,-0.8095763328558085,-0.003481135191001794,-0.4747753192658216,-0.8463992219142411,3.586139517164791
229,-0.6542411501625351,-0.5671355173862195,-0.9531892178911918,0.5964518178559102,0.11104495727734709,-0.07116214541656685,-0.9860152390767768,0.473954136498282,0.4609646802650633,-6.9901184442112525
230,-0.34505315425891947,0.5580503101780623,0.7528403187569552,0.3380905454356331,-0.3891142873158059,0.5262015700758085,0.7510672090961832,-0.22666743357731844,0.4639888701254853,-1.3786298941117443
231,-0.636161284039299,0.4652307464737724,-0.4548938392190005,0.03173368385090902,-0.587439483562502,0.4634640009223423,-0.5798591571132525,-0.032791584011141794,0.26015033025256806,-1.5514689404116415
232,-0.09876592218551539,-0.691704687089701,-0.06756253746080232,0.6681781412972854,-0.17559112857919434,0.8088278407188967,-0.006439259348710702,0.49779207184248353,0.465937949371249,-4.585390768960189
233,-0.9174321967495334,0.06981364891029451,0.277002527461901,-0.623634827340539,-0.42052455659319954,0.8269456823020678,0.5637012969676847,-0.15990623220262024,-0.837765816677956,-2.212456224611766
234,-0.7849621166864496,-0.6857075276594293,-0.7048354905799217,0.9775421967762465,0.385045597710846,-0.5477308984785854,-0.013617695493395088,0.026452414580098393,-0.06008267592171834,0.7703131388466664
235,0.647758453988609,0.4459757289517241,0.7594586604850888,-0.47926587266983955,-0.4015904000523154,-0.4609912929643575,0.3475148871786804,-0.2689046170063657,-0.0705735573686902,0.6270036442774507
236,-0.7350589432358766,0.10232383794963384,0.7929142062802825,0.5563837736108488,0.7306573551662945,-0.11915095378591445,-0.4325467014903084,0.5557223534486913,0.06075326156687977,0.09300676707524325
237,0.5831501691674872,-0.7085023806770756,-0.8620037821268836,-0.004388631490374606,-0.36208851459219127,-0.8041071900215452,-0.7429147186354853,-0.5532108338825104,0.7616560920967226,-4.198707645929642
238,-0.5397703025674384,0.6315221620358327,-0.500533711936221,0.7971242646922767,-0.9993588552296285,0.4128666457701946,0.997360928403032,0.549829901237677,0.3376292816163462,-3.295583585857856
239,0.8946932430840389,-0.9713715262404854,0.05246287785249626,-0.43491000398142676,0.05640414014361861,-0.4597193503048953,-0.9890422830299609,0.6186415035168544,0.8639817932496039,-2.2108910850355112
240,0.7956636733241709,-0.6146683913086309,0.43679617925234493,0.2827020669236573,0.8296032605795456,0.41516013153856357,-0.5074388341306746,0.4428171515935355,0.09773542419348114,1.631938487371586
241,-0.7979642774164114,0.9170319694119833,0.28979006352492354,-0.2572664778230521,-0.8209606733222703,-0.23983961785099495,-0.19105294090458202,-0.7456929753430732,0.14313198752631906,0.5947661203409376
242,0.5787332206406239,0.33726537753619246,0.5815974041821121,-0.626467756925527,0.2775507132710717,0.22962083133013422,-0.2969219053867129,-0.17013380409726975,0.4656268481271917,-1.84649653201111
243,-0.10652677384904574,0.7075770953957099,-0.9370565416642147,0.4872490565666443,-0.16959170300314175,0.6297410514383737,-0.7773056906732332,0.8430833955054318,0.7095633641077415,-4.653725533269823
244,-0.49729940457402233,0.7599554453249597,-0.6502988717611927,0.5829629193974499,0.30572697676525373,0.8851042654591519,0.3630434847176476,0.3473460413006668,-0.3790163367864511,-3.2179915276272943
245,0.18243888920274376,-0.8569895842045089,0.032509077999585356,-0.9122795817797902,-0.8148100750508356,-0.1772627234480706,0.883941752118945,0.5652719396642301,-0.3730549739482143,-4.018320335935267
246,0.31629786926348213,-0.5667135459816597,-0.9728352170210947,0.35781778492632665,0.7274001810919932,-0.2718304093064403,-0.8984412415899496,0.3143296513638536,-0.015542240325876144,-2.6007233088688926
247,-0.28204863308733286,-0.7500419040683649,0.27776988630990274,-0.02920435087828288,0.4619496833613541,-0.8152686782668919,0.3005406329054412,-0.354243948802044,0.47625311298094086,-4.248422563679549
248,-0.750283564141796,0.3466217980763153,0.9610545373996076,-0.22747108160770946,0.6615800002102128,-0.7225208172215584,0.9402028797941795,-0.7486598895970102,0.8365649425355348,0.2018667797645698
249,0.0731838694568907,0.2874340305309242,0.13034967482785742,0.6586748229787436,0.4012499967025087,-0.14321711676407378,0.27578386586197245,0.28583353329922345,0.8168667145313497,-1.800654898514009
250,0.7811813320338639,0.6373405631229607,0.898063075475197,-0.5699182007145505,0.8869378991938366,0.4645697867627425,0.17056274130821691,0.024666087857558194,-0.005008051383973866,4.2709804677652174
251,-0.13071575883761188,-0.26166535014164627,-0.9874595536851141,0.5912795944930345,-0.47409651292564214,-0.29509869757286533,0.9386468878152641,-0.9663551364054992,0.3481224986031708,-2.92908578412506
252,-0.6875184010193076,-0.8747489690740168,0.83484056306996,0.02222795507102515,-0.16635889315118468,0.4466067792553683,0.32903387121976824,0.09169375502846444,-0.5818444956618012,-5.431568487960502
253,-0.9813706307461145,-0.9414842797038016,0.6874409365264456,-0.7725801804572219,-0.5538035874459776,-0.7958651090272145,0.29618389081563934,0.27782595422616563,-0.0725744846376617,-4.7676559397505995
254,-0.7946577533155676,-0.3060661038659014,0.4728625519271572,-0.9791490275206386,0.680293570345823,0.8674793754316816,-0.15385656826781113,-0.3898734589149395,0.4860897574512921,1.392976677991481
255,-0.8753112361232608,0.6948655567187252,-0.269543716667205,0.8956824487696449,-0.3232891016196344,-0.5299484570622983,-0.6156985796942503,0.8198207800142907,0.5146352704967563,-3.6514624516043144
256,-0.6257982430391558,0.12664828124033622,-0.09633867090692949,0.7872045010912814,0.17854041091453499,0.8516356678239572,-0.9940205189727781,0.2541202288146589,-0.20541390387360559,1.9550734087242116
257,0.924486161721461,0.8770628647164445,-0.37123224313885295,-0.12522847013086935,0.025508798920754083,0.2636391620307119,0.9408150534152564,-0.33254314457700873,0.16965129228248532,1.0561509350845795
258,-0.6233400538178921,-0.5722600028897677,0.2349623224254942,0.10936022384989874,-0.6829344785209951,0.36771395191285006,0.3828189455407558,0.8845932834570149,0.37516651687961255,-8.281813940588634
259,-0.541633782539715,-0.14695852093185158,-0.7176542475589385,0.10966331802948881,0.6839841258887531,0.12049890739725,0.3431810118450813,0.2622303640467145,0.01361141966438173,-6.348840472916864
260,0.4692850976177929,0.8601608138211481,-0.2973316569207227,-0.6206334237068598,0.2613508452198223,0.3724048943604179,-0.8961552160704472,0.598295275497255,-0.5805431856184563,-0.8380189367928847
261,0.1781485162577725,0.28994247404102214,0.9745923288923861,0.21604553376453417,0.16808258699809242,-0.4113464196446951,0.581015772226148,0.08783342158560781,0.567534813316779,-2.6463653589341596
262,-0.7794702864094508,-0.9601926479475851,-0.7207230038268424,0.8581258325746877,0.5296121726557719,-0.7818280205864343,-0.8437389632370343,-0.8005042659623739,-0.32270385016267045,-4.117454509974465
263,-0.653221421385187,0.6673878530828126,0.4340809301980604,-0.559805743335815,0.8133941802376825,-0.8554902846601993,-0.705610130780881,-0.1482721488480766,0.827196764865294,0.6235590993075046
264,-0.8776994996587592,-0.07517032222039,-0.3987035455987167,0.6306755562583712,0.5955883477430295,0.007114162411373304,-0.11478463836868791,0.1781334543483899,0.1549623482065161,-0.6756066683539845
265,-0.9506959793609009,0.7103504675166263,0.6315374556380917,-0.04463232740357925,0.8643565912137128,0.9858913498511632,-0.040503505801993134,-0.43634931250832754,-0.002588471859195196,4.539390341294061
266,-0.14240251035196172,-0.2166770135049565,0.19229166427292577,-0.6579404252817672,-0.302194731633034,0.7921767960242814,-0.3830193932777164,-0.9054414770357002,-0.2420489760221859,0.42481709789862454
267,-0.8380426132562813,-0.06143421866375409,-0.18707579525538087,0.5159019106193479,-0.722802854900988,-0.8781113486071852,-0.5603094117001983,-0.4078472509703285,0.8930801296954713,-2.1189959287545537
268,0.38971422617178963,-0.16890596303835836,-0.6839038715738094,0.21497859859205892,0.2096284923340015,-0.3469449772198462,-0.6992982624519928,0.8079083907396172,-0.1378533227122989,-1.6991010082483542
269,0.2951794425313221,0.8000943070015591,0.8174975764789985,-0.02595693531237664,0.6847160515891906,0.20753337615732637,0.5914383370773795,-0.8324745697122329,-0.6341261621868748,1.31651750668846
270,0.4132670173098425,-0.5945386087663138,-0.2905622521954778,-0.428111184763451,-0.36647584529924737,-0.21796399579879822,0.03573057870130247,-0.9256742494554787,-0.5166464784163851,-0.37119073577486733
271,-0.06535576837725088,-0.6178697654348306,-0.3397883183829997,-0.35797531072739763,-0.17965306165813877,-0.23366722922924654,-0.4188173072420682,-0.8848331044994873,-0.49247085120080925,-3.1058668044722095
272,-0.33005877175875087,0.9889026584936056,0.7096515194405162,0.0042082249639388,0.17722606594013657,-0.18186494842896384,0.23230957919739792,-0.5322641771134038,-0.2157421175435178,0.6753919965036317
273,-0.6445770714966584,0.4643531215091483,0.28137142665589465,0.23329620534199202,0.011115236118327543,-0.9774764095881034,0.33537216230619515,0.36368924509567324,-0.9531815820388266,-2.422440109263378
274,0.5176907123921437,-0.056891139041619465,0.10854674653238194,0.5653456748049639,0.5143573516142388,0.22393804568325093,0.5466256704591939,-0.787407528415375,-0.34758524472622343,1.3671684347636117
275,0.9518395876007442,0.9477919161849175,0.8538106491521169,-0.0005066958129207322,-0.9289942430780952,0.3639678182139956,-0.9486972208459554,-0.7317251359482531,0.7044050143979503,5.195698922752041
276,-0.24018389614651525,0.33658871448702543,0.5437348367699233,0.3481027752319279,-0.18931910042941125,-0.6467120287134358,-0.10608400231198178,0.8717674203785455,0.3801606431810798,-0.5970394278688409
277,-0.020845802787531786,-0.6327593724322718,0.9794426358182173,0.05226844316628032,0.6656464851098316,0.16442022939943324,0.6150031462781655,0.8240800018108354,0.17512894060378126,-3.5540285038975576
278,-0.9151596255787117,-0.17726428936835137,0.45417006687449213,0.4671038048733196,-0.3481770326239212,-0.8674133613726002,-0.0770741826157817,-0.9166752473810489,-0.6393091923080968,3.3715325946745454
279,0.6202358731664581,0.7432917673088826,-0.8941828505816187,-0.8544046417645182,-0.7254851568684371,0.0856806307348923,-0.7116762504830438,-0.41731855914518656,0.9493904198407745,-1.372951067445812
280,0.20165508963629653,0.5504106096285213,0.0526883510278402,-0.6306427707288882,-0.4013247222606058,-0.8687819572317005,0.016052799845693633,-0.8844909277946607,0.4948100422927395,0.725772933522346
281,-0.21102604049661755,-0.9754282429425549,0.8089433029176936,-0.11836850164533774,-0.6759749354873137,-0.5596602956065628,-0.06846674585101953,-0.3354590239082279,0.9723764003252318,-0.6937803538795184
282,0.903241457063612,0.8976881393410512,0.8477886320243375,0.9175476310900796,0.6328389875414002,0.08390803358893306,-0.29623218512797256,-0.4024834047910637,0.5853053499276508,3.0335995077066684
283,0.5792340760101367,0.7653251925913247,-0.09508419696957493,0.7513502451305163,0.27886801343434775,0.2706093818771822,-0.4112547222721704,0.8441247858092529,-0.9271811026625282,2.522467358862545
284,0.6559291779430214,-0.8973925176349367,-0.32389346979054645,0.338489474978491,0.8666462955295566,0.3660124171055401,-0.3515888624715078,0.49554768805439964,0.06718442183503215,-2.5625659375900076
285,0.4311133604200583,0.36150465733311066,-0.45721216213506743,-0.36656062302631853,0.6619601741901868,-0.7120302754645382,-0.8974742995477556,-0.8353125791468462,0.3012628847790988,2.3821052891140475
286,0.1875628537883256,-0.10399488455372197,-0.8858728130979453,0.892436947030812,-0.5190002889436998,-0.33051275555974424,0.9986222301447074,-0.6888482509087386,0.22618467470301518,-3.3454033933805047
287,0.5862657992642821,-0.42802818333411174,-0.584504396379287,0.013365834781561059,0.5211921948797538,0.22791650782712813,-0.2861685763047047,0.2561706180584733,0.6002278394563185,-4.662699024489724
288,0.6008298321242211,0.522528466003731,0.5162658173391008,0.8669189058121851,-0.12746442306187,-0.26810921454087333,0.6340266432200445,-0.5381307601230465,-0.8881149853309628,-0.937183071195199
289,0.3949421495553276,0.35161151749609876,-0.9424159422676464,-0.09092869494756828,-0.3075509186423837,0.6805616910012078,-0.8189383549787173,0.42915446992465034,-0.3451234035155294,-4.19695378783705
290,-0.069330003361873,0.09063675419592454,0.8142866629299066,-0.5015561444720881,-0.6311634566069535,-0.6983207133439194,-0.2478496264896175,-0.44318165005981225,0.8419736994479594,3.7787415040637855
291,-0.11757305068107327,0.9596099041564801,-0.5365928012000002,0.46736352779706647,-0.7774114345892851,0.429725608760436,0.32739288349509454,0.3305813341360564,-0.4006410806881635,-2.201928274262373
292,0.5231850972952561,0.3033885150000115,-0.03328679156608283,-0.4247498759725259,0.06324550649856575,-0.6777968900231306,0.7103242441478033,0.22671322547925876,0.7089817644771728,-2.859440853432857
293,0.7146839978894994,0.8455204504153406,-0.15197113476668733,-0.025083374678150916,0.478777617315272,0.09571528725522627,-0.40741655628687523,-0.7396269466111365,-0.2933654766462479,0.4346227695672774
294,0.9085625788813481,-0.7796807398517576,0.7243471119189968,-0.0972749577073102,-0.04051015831270943,0.04030306374102488,-0.6553354451148381,0.9840457076503453,0.3747125548333903,-2.2571112235067314
295,-0.37278230967587855,0.8969755352390405,0.1756238578092002,-0.7077572431699275,-0.9171749921316837,0.16774478539427728,0.2387598535070503,0.7721219960219012,0.10289979336126898,1.2743480870075112
296,0.9522643322468947,0.2040432988221137,0.36539295016044404,0.1737182384270517,0.27814850745786934,0.6289377603116677,0.6566541887678978,-0.5933086806361657,0.018229868647255287,0.5308155910583097
297,-0.47296236257954316,-0.013566062027084103,-0.4268580320315537,-0.06855160140692074,-0.5489651700772613,-0.47110359631973553,0.8652179567616496,0.1323318493657819,0.5162426315682369,-5.2539874768625126
298,-0.5679370439164936,0.2650196661459856,0.7873584176390112,-0.5490840944696935,0.4300806777067314,0.18666474049555504,0.43619556029212325,-0.8039090817814707,0.19502871129284616,-2.9242078758779617
299,0.7010704624992949,-0.46591488023361294,-0.8460672354506893,-0.3525143401979528,0.8555530108110747,-0.8495165599026011,0.283853642827113,-0.9801312522840211,-0.5135126407407806,-0.8237183029671321
300,-0.03556749936456294,0.3267056753093993,-0.8561801770924342,0.6859834280600436,-0.5896402241538443,0.20703783260011055,0.059888484779633044,-0.6580538487220347,-0.8372617649762533,1.6905864522761642
301,0.7346790791651867,-0.8594672781198521,-0.263254000057383,0.3804766473575847,-0.46470916974672705,0.7359752833543101,0.6175794579018212,0.25492659587402966,0.8257346832866908,-5.941132908946655
302,-0.42052267080901495,0.06479708292983033,-0.44321918397135684,0.16035457910443984,0.4315452320959574,-0.04675906434380206,0.32527189560067526,0.23658589562996246,-0.9197428194304478,-3.434150640472678
303,-0.2813479797304389,0.06856904642486139,0.4746977216229613,-0.3860520594476027,0.6509018553554491,0.32322145064816876,0.9946658398605821,0.3811227969142905,0.5479237090023399,-3.9940088273739582
304,-0.16454015388880672,0.5789429300502842,-0.18901888374663078,-0.1324575795461702,-0.002870069362495342,0.7800855072870798,0.2956061377778114,-0.696021475028436,-0.6454966843605737,-3.822584486302813
305,0.6009456350280058,0.4604933070185211,0.4851897360534614,0.8280702221329279,0.07149659744359305,-0.1963324493022942,-0.5425401794175515,-0.399535329041638,-0.8415782234782744,4.1744775975094015
306,0.542036425407844,0.47724369335897165,-0.4863651313894284,0.7310638941923424,0.20106463789383655,0.21524054504111212,-0.6869991072975119,-0.6131345371035986,0.495410140300901,-1.044856865611097
307,-0.33663781343465615,0.4018891769256965,-0.47732384209555934,-0.37332865554719286,-0.7970275651587878,-0.9148967332413634,-0.03387423299671888,-0.8393234771922546,0.11249652478573569,2.335771203064338
308,-0.7344832399943844,-0.17840631540793073,-0.2674258286563248,0.5546587923858124,-0.4214715876706938,-0.7764149489017463,-0.6300967334691294,-0.5275480648609931,-0.9062001881806938,-2.118233188447781
309,-0.684347565995027,0.16368078319395107,0.32441799583958963,0.07128957696643123,0.1531526294322363,0.47095788932223037,-0.9625749692243475,-0.7127407887917128,0.8246824684675964,-1.7242452967146735
310,-0.5737071902067419,-0.23149125794459546,0.7052092362030336,-0.4083608632049073,0.7359611502289767,-0.29010747562371475,-0.4217770946823983,0.9569716171787541,0.5555783021667839,-3.2892436347811187
311,0.9563916334129332,0.19860144317214656,-0.2967858761228346,-0.8773486599802656,0.7408892808750953,0.4326237429894908,0.03994913004465772,-0.2224529719117747,0.18060945081501445,3.787185160673703
312,0.8284716751564831,0.10416221222490196,-0.14035723466806638,0.8730899506118941,-0.6704776921550918,-0.07304995925852187,-0.5981666022755572,0.3774089433304073,0.8451580943229022,-1.6226398101195127
313,0.4295904417741263,0.6898775506660682,0.16458680382313506,-0.03096760866904613,-0.324615143850878,0.9246944823177585,-0.5459452019503047,0.20131327453575,-0.7075263858260307,-0.7158303937341539
314,-0.5313916221456277,-0.1296514038237364,0.4953721414922767,-0.2819768398849364,-0.5593720785658252,-0.3917618511441262,0.2781198574580379,0.7767332492888916,0.5953901702190099,-7.031250973157728
315,-0.49393680261064987,0.5789215158241903,-0.45730434572233747,-0.707165336218168,0.18627877301290519,-0.1308477769496914,0.5420289010219816,0.5494777478766175,-0.39337182691474004,-3.292126485999754
316,-0.6461080239213831,-0.7501433348495685,-0.6277610508596471,0.0784659450099372,0.08046817216788238,0.5066128682740718,0.4674077607716245,-0.9210394035724963,0.20649347049221212,-5.814209971370919
317,-0.5163677756101104,-0.4915726136204449,-0.5264920864943179,-0.6677317296510494,-0.5934858341381233,0.14070701200888602,-0.6623692537081636,-0.6828931900999076,-0.2306187381140712,-2.443807161660849
318,0.6411976375406603,0.6023287731744182,-0.0010739267723779422,-0.791191571281374,0.4555938986362911,0.028691658491872385,-0.26779824240877703,-0.13139298492003537,0.41724233875448036,-1.3777896540538999
319,0.0764863979520678,0.21618981282597538,0.33108387097009095,-0.5825063718322008,0.6580660621455019,-0.6795421868368061,0.1666277803765095,0.9817447854125874,0.11580216360053663,0.9850476321759488
